"","time","S_1","E_1","I_1","A_1","R_1","S_2","E_2","I_2","A_2","R_2","S_3","E_3","I_3","A_3","R_3","S_1Q","E_1Q","I_1Q","A_1Q","R_1Q","S_2Q","E_2Q","I_2Q","A_2Q","R_2Q","S_3Q","E_3Q","I_3Q","A_3Q","R_3Q","I_1_cum","I_2_cum","I_3_cum","I_1Q_cum","I_2Q_cum","I_3Q_cum","A_1_cum","A_2_cum","A_3_cum","A_1Q_cum","A_2Q_cum","A_3Q_cum","D_1_cum","D_2_cum","D_3_cum","D_1Q_cum","D_2Q_cum","D_3Q_cum"
"1",1,465114.24,5.76,1.44,4.32,0,1162785.6,14.4,10.08,4.32,0,290696.4,3.6,2.52,1.08,0,0,0,0,0,0,0,0,0,0,0,0,0,0,0,0,0,0,0,0,0,0,0,0,0,0,0,0,0,0,0,0,0,0
"2",2,465110.936056825,7.71179792247214,1.48682023670955,4.46046071012864,1.1648643056374,1162778.02657725,18.6568388306102,10.3659645927587,4.44255625403945,2.89788485303426,290696.05885553,3.25667036785718,2.49673569058204,1.07002958167801,0.667469211743907,0,0,0,0,0,0,0,0,0,0,0,0,0,0,0,0.338036313118898,2.32160874441349,0.479131871464547,0,0,0,1.01410893935669,0.994975176177212,0.994975176177212,0,0,0,0,0.0101782207582739,0.0101782207582739,0,0,0
"3",3,465107.464611901,9.46381210623553,1.6082229260223,4.8246687780669,2.39868428841661,1162770.09551215,22.4708945739453,11.1069704670652,4.76013020017073,5.94560988105265,290695.712328876,2.98052502763051,2.43862206700533,1.04512374300228,1.32376226664041,0,0,0,0,0,0,0,0,0,0,0,0,0,0,0,0.767893998126441,5.20351529068465,0.915002267702416,0,0,0,2.30368199437934,2.23007798172196,2.23007798172196,0,0,0,0,0.0208827241180977,0.0208827241180977,0,0,0
"4",4,465103.700664042,11.1649735413956,1.785382874284,5.35614862285198,3.75283091943466,1162761.53992799,26.1630779887829,12.1869542736778,5.22298040300468,9.25455463345132,290695.356133097,2.76325944063497,2.35994505223384,1.01140502238593,1.96160937077822,0,0,0,0,0,0,0,0,0,0,0,0,0,0,0,1.28359060414264,8.60789581247944,1.31642522378734,0,0,0,3.85077181242796,3.68909820534828,3.68909820534828,0,0,0,0,0.0325047076940088,0.0325047076940088,0,0,0
"5",5,465099.546184273,12.9130574310428,2.00832513927498,6.02497541782493,5.26745773906367,1162752.15056466,29.9445210479378,13.5437334467332,5.80445719145702,12.9113751251567,290694.986468393,2.59764139792677,2.27141564913598,0.973463849629706,2.57703996013491,0,0,0,0,0,0,0,0,0,0,0,0,0,0,0,1.88518957404088,12.5334400073048,1.69112314601172,0,0,0,5.65556872212267,5.37147428884487,5.37147428884487,0,0,0,0,0.0453485328028585,0.0453485328028585,0,0,0
"6",6,465094.916446001,14.7762477283911,2.27254621745778,6.81763865237332,6.97712140086528,1162741.74659023,33.962721970925,15.1485669006704,6.49224295743014,16.9902033664991,290694.599564837,2.47772713645995,2.18097156572203,0.934702099595157,3.16854195590055,0,0,0,0,0,0,0,0,0,0,0,0,0,0,0,2.57682656767409,17.003481458171,2.04589561855041,0,0,0,7.73047970302228,7.28720633921611,7.28720633921611,0,0,0,0,0.0596745727875034,0.0596745727875034,0,0,0
"7",7,465089.731628056,16.8059812655071,2.57703679247701,7.73111037743102,8.9142435088793,1162730.15766705,38.3290553706773,16.9941518935801,7.28320795439143,21.5601920229691,290694.191432463,2.39885315642728,2.09443898585122,0.897616708221953,3.73642257815943,0,0,0,0,0,0,0,0,0,0,0,0,0,0,0,3.36559766969682,22.0592943081093,2.38680006618628,0,0,0,10.0967930090905,9.45398327490395,9.45398327490395,0,0,0,0,0.0757257120726465,0.0757257120726465,0,0,0
"8",8,465083.91120196,19.0451089212378,2.9230649056635,8.7691947169905,11.1114294961644,1162717.21196104,43.1362705328572,19.0872067007832,8.18023144319283,26.6905851226556,290693.75771067,2.35753875134795,2.01607691402144,0.864032963152046,4.28231585242653,0,0,0,0,0,0,0,0,0,0,0,0,0,0,0,4.26092227970461,27.7562378958248,2.71932540509518,0,0,0,12.7827668391138,11.895530526782,11.895530526782,0,0,0,0,0.0937451559752081,0.0937451559752081,0,0,0
"9",9,465077.370296593,21.5326899097382,3.31351005445533,9.940530163366,13.6029732793185,1162702.72837295,48.4687870493959,21.4443834294916,9.19045004121084,32.4540185066461,290693.293579802,2.35135104985738,1.94900099996988,0.835286142844228,4.80882726512603,0,0,0,0,0,0,0,0,0,0,0,0,0,0,0,5.27425337428497,34.1619880001413,3.04854840382817,0,0,0,15.8227601228549,14.6408520000606,14.6408520000606,0,0,0,0,0.113988022853248,0.113988022853248,0,0,0
"10",10,465070.017007994,24.3070928432488,3.75248224189394,11.2574467256818,16.4259701951298,1162686.51078801,54.4093638568837,24.089910372815,10.3242473026351,38.928960536686,290692.793693798,2.37877684081949,1.89551277259098,0.812362616824701,5.31927819356449,0,0,0,0,0,0,0,0,0,0,0,0,0,0,0,6.41897479067641,41.3558936901059,3.37927055269328,0,0,0,19.2569243720292,17.7239544386168,17.7239544386168,0,0,0,0,0.136729916586453,0.136729916586453,0,0,0
"11",11,465061.750184343,27.4081648647495,4.24510481186147,12.7353144355844,19.6212315449236,1162668.343341,61.0437699835988,27.0542316936843,11.5946707258648,46.2017126477795,290692.252118325,2.43911084545862,1.85736060331206,0.796011687133737,5.81752064104825,0,0,0,0,0,0,0,0,0,0,0,0,0,0,0,7.71041269809239,49.4290223143023,3.71613958044515,0,0,0,23.1312380942771,21.1838667061296,21.1838667061296,0,0,0,0,0.162273953103089,0.162273953103089,0,0,0
"12",12,465052.457575286,30.8786197527665,4.79743970687208,14.3923191206163,23.2340461339896,1162647.98645977,68.4637793038116,30.3735158319372,13.0172210708306,54.3680674442023,290691.662269835,2.532364598697,1.83593529177789,0.786829410761936,6.30781880353058,0,0,0,0,0,0,0,0,0,0,0,0,0,0,0,9.16595124036956,58.4848326517485,4.06375589658582,0,0,0,27.4978537211086,25.0649282793209,25.0649282793209,0,0,0,0,0.190956584099054,0.190956584099054,0,0,0
"13",13,465042.014038069,34.7651244734855,5.41648052404903,16.2494415721471,27.3149153620194,1162625.17303083,76.7695150180656,34.0895812968763,14.6098205558045,63.5348991118706,290691.016845375,2.65920130953496,1.83241823473055,0.785322100598786,6.79477807143709,0,0,0,0,0,0,0,0,0,0,0,0,0,0,0,10.805209364554,68.6402179033086,4.42676732075843,0,0,0,32.4156280936618,29.4172362442753,29.4172362442753,0,0,0,0,0.223153183032159,0.223153183032159,0,0,0
"14",14,465030.279667349,39.1192936827166,6.11018040458909,18.3305412137673,31.9203173501741,1162599.60440226,86.0715933776706,38.2500382061946,16.3928735169408,73.8218088105737,290690.30774103,2.82089145172637,1.84790044699769,0.79195733442756,7.2833040550514,0,0,0,0,0,0,0,0,0,0,0,0,0,0,0,12.6502597421327,80.0268030505518,4.80995726262773,0,0,0,37.950779226398,34.2972013073795,34.2972013073795,0,0,0,0,0.259283824221783,0.259283824221783,0,0,0
"15",15,465017.097845271,43.9985698277045,6.887520801448,20.6625624043441,37.1135016956347,1162570.94621644,96.4930193155158,42.9086812446842,18.3894348191506,85.3628289085933,290689.525959191,3.01928659448522,1.88347518887079,0.807203652373173,7.77859009697362,0,0,0,0,0,0,0,0,0,0,0,0,0,0,0,14.7258962253568,92.792534968734,5.21832795003368,0,0,0,44.1776886760702,39.7682292723148,39.7682292723148,0,0,0,0,0.299819268620246,0.299819268620246,0,0,0
"16",16,465002.293135283,49.4670826017035,7.75860888927796,23.275826667834,42.965346558816,1162538.82390912,108.171035147885,48.1260590282317,20.6254538692425,98.3082554359582,290688.661502565,3.25680983913401,1.94031177871026,0.83156219087579,8.28612667199522,0,0,0,0,0,0,0,0,0,0,0,0,0,0,0,17.0599455289821,107.103539013351,5.6571813167711,0,0,0,51.1798365869462,45.9015167200078,45.9015167200078,0,0,0,0,0.345287399925591,0.345287399925591,0,0,0
"17",17,464985.668953636,55.5965376391442,8.73480088527044,26.2044026558115,49.5553051840675,1162502.81773341,121.259029131736,53.9702031171855,23.1300870502228,112.826666977355,290687.703251909,3.53646389037945,2.01971271655566,0.865591164238093,8.81173169735472,0,0,0,0,0,0,0,0,0,0,0,0,0,0,0,19.6836271812875,123.146266222202,6.13219894037094,0,0,0,59.0508815438624,52.7769712380869,52.7769712380869,0,0,0,0,0.396280315525077,0.396280315525077,0,0,0
"18",18,464967.004974396,62.4671954969055,9.82884238915805,29.4865271674744,56.9724605508897,1162462.45721411,135.928635560921,60.5174612910823,25.9360548390357,129.107171975528,290686.638827339,3.86185229358428,2.1231634242919,0.90992718183934,9.36159367759466,0,0,0,0,0,0,0,0,0,0,0,0,0,0,0,22.6319575268807,141.129905227731,6.64952425688992,0,0,0,67.8958725806419,60.4842450975992,60.4842450975992,0,0,0,0,0.453462219683237,0.453462219683237,0,0,0
"19",19,464946.054239685,70.1689499988312,11.0550275803596,33.165082741079,65.3166999951233,1162417.21497165,152.372046361265,67.8534454155037,29.0800480352162,147.361910326203,290685.454432292,4.23721211311307,2.25237788506947,0.965304807886873,9.94232579879001,0,0,0,0,0,0,0,0,0,0,0,0,0,0,0,25.9442025791406,161.28908739076,7.21584891641668,0,0,0,77.8326077374218,69.12389459604,69.12389459604,0,0,0,0,0.517578209876273,0.517578209876273,0,0,0
"20",20,464922.539920955,78.8025192395276,12.4293819244639,37.2881457733921,74.7000321076465,1162366.49979942,170.804562864609,76.0741216718643,32.6031950022278,167.828856920293,290684.134677207,4.66745855576902,2.40934124331682,1.03257481856432,10.5610318025883,0,0,0,0,0,0,0,0,0,0,0,0,0,0,0,29.6643899513758,183.886946402628,7.838504965695,0,0,0,88.9931698541273,78.808691315412,78.808691315412,0,0,0,0,0.589464123653809,0.589464123653809,0,0,0
"21",21,464896.1517452,88.4807448502175,13.9698673633776,41.9096020901331,85.2480404965572,1162309.64902412,191.467378692628,85.2870367570262,36.5515871815829,190.774915840985,290682.662383884,5.15824033942017,2.5963503566157,1.1127215814067,11.2253825696805,0,0,0,0,0,0,0,0,0,0,0,0,0,0,0,33.8418774875171,209.218518030173,8.52556304347191,0,0,0,101.525632462551,89.6650791557883,89.6650791557883,0,0,0,0,0.670057406365723,0.670057406365723,0,0,0
"22",22,464866.541957679,99.3300522145573,15.6966157230213,47.0898471690643,97.1015272144143,1162245.91987404,214.63070674553,95.6127142822541,40.9768775495378,216.499417988557,290681.018363676,5.71600812990177,2.81605417790314,1.20688036195846,11.9437050978387,0,0,0,0,0,0,0,0,0,0,0,0,0,0,0,38.5319975266251,237.614593451337,9.28593973541603,0,0,0,115.595992579876,101.834825764859,101.834825764859,0,0,0,0,0.760409395845405,0.760409395845405,0,0,0
"23",23,464833.320801636,111.492087167973,17.6321892179322,52.8965676537973,110.418354324325,1162174.47981297,240.59728410693,107.186214105772,45.9369489024741,245.338040823127,290679.181168996,6.34809463058554,3.07149671580848,1.31635573534646,12.7250820472511,0,0,0,0,0,0,0,0,0,0,0,0,0,0,0,43.7967777990139,269.446032044749,10.1295154610511,0,0,0,131.390333397042,115.476870876321,115.476870876321,0,0,0,0,0.861699089694871,0.861699089694871,0,0,0
"24",24,464796.051466338,125.125544012531,19.801871407528,59.4056142225848,125.375504019571,1162094.39573529,269.706287014922,120.158874687564,51.4966605803851,277.667193882948,290677.126815435,7.06280689281582,3.36616343499456,1.44264147214051,13.5794626713571,0,0,0,0,0,0,0,0,0,0,0,0,0,0,0,49.7057474124211,305.128584389587,11.0672643704245,0,0,0,149.117242237264,130.769393309823,130.769393309823,0,0,0,0,0.975248548510098,0.975248548510098,0,0,0
"25",25,464754.244444232,140.408202090473,22.2339928764742,66.7019786294234,142.171382172097,1162004.6218946,302.337693281674,134.700264146577,57.7286846342476,313.908923212763,290674.828471157,7.86953178119634,3.70403178840354,1.58744219503007,14.5177864624793,0,0,0,0,0,0,0,0,0,0,0,0,0,0,0,56.3368384194989,345.128288480683,12.1113979429578,0,0,0,169.010515258497,147.912123634578,147.912123634578,0,0,0,0,1.10254012167051,1.10254012167051,0,0,0
"26",26,464707.351220444,157.539197919701,24.9602960212304,74.8808880636923,161.028397551238,1161903.98640103,338.91715050263,151.000366395943,64.7144427411188,354.536403592562,290672.256109259,8.77885600909707,4.08962671541917,1.75269716375107,15.5521210932606,0,0,0,0,0,0,0,0,0,0,0,0,0,0,0,63.7773954090404,389.967513927098,13.275524312497,0,0,0,191.332186227122,167.128934540184,167.128934540184,0,0,0,0,1.24523573765575,1.24523573765575,0,0,0
"27",27,464654.757212643,176.741563819128,28.0163430451087,84.0490291353271,182.195851358177,1161791.17611033,379.921416962768,169.272027035329,72.5451544437129,400.080092706451,290669.376118536,9.80270211143178,4.52808227710626,1.9406066901884,16.6958160584747,0,0,0,0,0,0,0,0,0,0,0,0,0,0,0,72.1253058846534,440.231730893351,14.5748255469259,0,0,0,216.375917653961,188.670741811435,188.670741811435,0,0,0,0,1.40519851929009,1.40519851929009,0,0,0
"28",28,464595.77387753,198.265062828726,31.4419717180877,94.3259151542644,205.953172769295,1161664.71972443,425.884439937023,189.75368647184,81.3230084879318,451.134623676677,290666.150867952,10.9544817515798,5.02521057627661,2.15366167554712,17.9636735810634,0,0,0,0,0,0,0,0,0,0,0,0,0,0,0,81.4902649104119,496.577084940157,16.0262552071845,0,0,0,244.470794731237,212.818750688637,212.818750688637,0,0,0,0,1.58451699234156,1.58451699234156,0,0,0
"29",29,464529.629892879,222.389350117639,35.2818043466274,105.845413039884,232.613539617144,1161522.96890637,477.404137132716,212.71243320345,91.1624713729077,508.366519738266,290662.53821955,12.2492680524052,5.58757893667659,2.39467668714712,19.3721387997149,0,0,0,0,0,0,0,0,0,0,0,0,0,0,0,91.9951892509139,559.738869547445,17.6487586783974,0,0,0,275.985567752743,239.888086948903,239.888086948903,0,0,0,0,1.78553218171994,1.78553218171994,0,0,0
"30",30,464455.461311546,249.427495171125,39.5858160806873,118.757448242064,262.527928960477,1161364.07718565,535.149956069181,238.447414413377,102.191749034305,572.522826900623,290658.490983767,13.7039890129854,6.22259630238074,2.66682698673462,20.9395116551249,0,0,0,0,0,0,0,0,0,0,0,0,0,0,0,103.777798320807,630.541000796158,19.46351905355,0,0,0,311.333394962423,270.231857484066,270.231857484066,0,0,0,0,2.01086793191387,2.01086793191387,0,0,0
"31",31,464372.300571317,279.729904048588,44.4099691265295,133.229907379591,296.08964812908,1161185.97640232,599.871297263406,267.293643781613,114.554418763549,644.440773037113,290653.956310375,15.3376443464466,6.93860998173677,2.97368999217292,22.6861831334165,0,0,0,0,0,0,0,0,0,0,0,0,0,0,0,116.9923811588,709.906610290378,21.494231695061,0,0,0,350.977143476402,304.245690124446,304.245690124446,0,0,0,0,2.26346483254379,2.26346483254379,0,0,0
"32",32,464279.064233601,313.688684436903,49.8169199602253,149.450759880678,333.739402121909,1160986.350414,672.406894912441,299.626249714504,128.411249877645,725.058573324451,290648.875007513,17.1715482771602,7.74501403204566,3.31929172801959,24.6348987579176,0,0,0,0,0,0,0,0,0,0,0,0,0,0,0,131.811770490703,798.869883760789,23.7674109466073,0,0,0,395.435311472112,342.37280732605,342.37280732605,0,0,0,0,2.54661817023138,2.54661817023138,0,0,0
"33",33,464174.539313238,351.742498597557,55.8768073601265,167.630422080382,375.970958723911,1160762.60576599,753.695254441295,335.86521172653,143.942233597085,815.427513877781,290643.180780603,19.2296010771943,8.65237067974377,3.70815886274736,26.8110525625085,0,0,0,0,0,0,0,0,0,0,0,0,0,0,0,148.429547041105,898.589285699891,26.3127328235674,0,0,0,445.288641123318,385.109693871379,385.109693871379,0,0,0,0,2.86402036986676,2.86402036986676,0,0,0
"34",34,464057.368049293,394.381952158242,62.6681298514025,188.00438955421,423.33747914346,1160511.8389967,844.786253130944,376.480637608512,161.348844689363,916.725459431038,290636.799381978,21.5385924362079,9.67254625290267,4.14537696552975,29.2430152017553,0,0,0,0,0,0,0,0,0,0,0,0,0,0,0,167.062499637269,1010.36232511653,29.163417910138,0,0,0,501.187498911808,433.012425049936,433.012425049936,0,0,0,0,3.21980843754001,3.21980843754001,0,0,0
"35",35,463926.030952936,442.155570255717,70.2787218702921,210.836165610879,476.458589327483,1160230.80021947,946.854018580413,421.998638610137,180.856559404345,1030.27194696167,290629.647661112,24.1285401009171,10.8188632362605,4.63665567268312,31.9625002863989,0,0,0,0,0,0,0,0,0,0,0,0,0,0,0,187.953369202164,1135.64203336496,32.3566591507545,0,0,0,563.860107606495,486.703728584977,486.703728584977,0,0,0,0,3.61861697377403,3.61861697377403,0,0,0
"36",36,463778.827954567,495.676415874182,78.8068386430616,236.420515929188,536.028274987313,1159915.8525896,1061.21120806356,473.007864364556,202.717656156239,1157.54504442514,290621.632504256,27.0330675516385,12.1062702400489,5.18840153144959,35.0049734716925,0,0,0,0,0,0,0,0,0,0,0,0,0,0,0,211.373907389891,1276.0553416326,35.9340997348714,0,0,0,634.121722169677,546.880860699683,546.880860699683,0,0,0,0,4.06563738634017,4.06563738634017,0,0,0
"37",37,463613.857458786,555.629407651453,88.3623604871067,265.087081461324,602.823691614538,1159562.9272341,1189.3248184919,530.166764029828,227.214327441356,1300.2001719425,290612.64965115,30.2898248112519,13.5515318626533,5.8077993697086,38.410109309483,0,0,0,0,0,0,0,0,0,0,0,0,0,0,0,237.628283390743,1433.42356318664,39.9423668267805,0,0,0,712.884850172232,614.324384222839,614.324384222839,0,0,0,0,4.56668399578396,4.56668399578396,0,0,0
"38",38,463428.993102747,622.779395933593,99.0681279499266,297.204383849784,677.714989519621,1159167.47318976,1332.8336617313,594.211644967998,254.662133557715,1460.09110219238,290602.582375335,33.9409568270242,15.1734406078499,6.50290311765003,42.2223014249049,0,0,0,0,0,0,0,0,0,0,0,0,0,0,0,267.056875329833,1609.78520395915,44.4336674868109,0,0,0,801.170625989505,689.907944553914,689.907944553914,0,0,0,0,5.12826779495566,5.12826779495566,0,0,0
"39",39,463221.858000886,697.980056495856,111.061419831482,333.184259494449,761.676263292401,1158724.40186457,1493.56764362719,665.965604807869,285.413830631945,1639.29337766445,290591.300013237,38.0336242274678,16.993053203992,7.28273708742519,46.4912321865579,0,0,0,0,0,0,0,0,0,0,0,0,0,0,0,300.040485654583,1807.42134426109,49.4664537745197,0,0,0,900.121456963755,774.60914754046,774.60914754046,0,0,0,0,5.757678697266,5.757678697266,0,0,0
"40",40,462989.796248965,782.183659629582,124.495586610674,373.486759832027,855.797744963031,1158228.02551003,1673.56898449298,746.34841653455,319.863607086237,1840.13040467324,290578.656325932,42.6205816086492,19.0339538772978,8.15740880455628,51.2725086932981,0,0,0,0,0,0,0,0,0,0,0,0,0,0,0,337.005022851434,2028.88385383639,55.1061647217161,0,0,0,1011.01506855431,869.521651644159,869.521651644159,0,0,0,0,6.46307718650908,6.46307718650908,0,0,0
"41",41,462729.841446302,876.451774624469,139.541852179867,418.625556539606,961.299370354047,1157671.98915674,1875.11552582489,836.387449655506,358.451764138075,2065.20250727787,290564.487675974,47.7608188657871,21.3225473504426,9.13823457876118,56.6283726042485,0,0,0,0,0,0,0,0,0,0,0,0,0,0,0,378.426694768381,2277.02672220395,61.4260536117052,0,0,0,1135.28008430515,975.868595230257,975.868595230257,0,0,0,0,7.25359636274212,7.25359636274212,0,0,0
"42",42,462438.681997551,981.966956428156,156.3912968855,469.173890656504,1079.5458584795,1157049.19546098,2100.74624610446,937.229712489237,401.669876781101,2317.41924818728,290548.611000374,53.520271349757,23.8883845559924,10.2378790954254,62.6284921006748,0,0,0,0,0,0,0,0,0,0,0,0,0,0,0,424.837761505377,2555.04080504429,68.5081097930599,0,0,0,1274.51328451614,1095.01748787612,1095.01748787612,0,0,0,0,8.13945546277519,8.13945546277519,0,0,0
"43",43,462112.62295293,1100.04545478955,175.257034538465,525.771103615399,1212.06345412697,1156351.72189479,2353.2890991569,1050.15510046291,450.066471626958,2600.03534794158,290530.821559273,59.9726048916811,26.7645242631506,11.4705103984932,69.3508450913757,0,0,0,0,0,0,0,0,0,0,0,0,0,0,0,476.832898070208,2866.49230423523,76.4440850846166,0,0,0,1430.49869421063,1228.49670181509,1228.49670181509,0,0,0,0,9.13208601886151,9.13208601886151,0,0,0
"44",44,461747.544147005,1232.1509779322,196.376595354609,589.129786063832,1360.5584936449,1155570.72970441,2635.8912757052,1176.59093326664,504.25325711427,2916.69055760524,290510.890438509,67.2000819364111,29.9879340144456,12.8519717204768,76.882703651847,0,0,0,0,0,0,0,0,0,0,0,0,0,0,0,535.076218765836,3215.36531392261,85.3366356878793,0,0,0,1605.22865629752,1378.01370596682,1378.01370596682,0,0,0,0,10.2442719032798,10.2442719032798,0,0,0
"45",45,461338.854415248,1379.90951950064,220.014525545525,660.043576636579,1526.93796306912,1154696.36408607,2952.05194774612,1318.12785888782,564.911939523349,3271.4538631839,290488.561782934,75.2945150645176,33.5999339488141,14.399971692349,85.321730614837,0,0,0,0,0,0,0,0,0,0,0,0,0,0,0,600.309016312805,3606.10877632761,95.3005914008425,0,0,0,1800.92704893842,1545.47518985468,1545.47518985468,0,0,0,0,11.4903045871988,11.4903045871988,0,0,0
"46",46,460881.441695701,1545.12523006133,246.46521218052,739.395636541567,1713.33222551539,1153717.64507038,3305.65750617502,1476.53719322134,632.801654237716,3668.87242097166,290463.549736199,84.3583140826615,37.6466872331605,16.1342945284975,94.7772001995082,0,0,0,0,0,0,0,0,0,0,0,0,0,0,0,673.358268559369,4043.68819641269,106.464364802683,0,0,0,2020.07480567812,1733.009227034,1733.009227034,0,0,0,0,12.8861550159567,12.8861550159567,0,0,0
"47",47,460369.618865656,1729.79727896268,276.055938728521,828.16781618557,1922.12010046762,1152622.34867466,3701.01923726844,1653.78974873552,708.76703517236,4114.02564059836,290435.535061838,94.5056325546089,42.1797409166937,18.0770318214403,105.371355568491,0,0,0,0,0,0,0,0,0,0,0,0,0,0,0,755.145963845426,4533.64246164959,118.971513925236,0,0,0,2265.43789153629,1942.98962642124,1942.98962642124,0,0,0,0,14.4496635645703,14.4496635645703,0,0,0
"48",48,459797.065225203,1936.13760587956,309.150172174562,927.450516523693,2155.95648021917,1151396.87798904,4142.91329729833,1852.07618348778,793.746935780472,4612.58484481683,290404.161419932,105.863619051946,47.2566210398222,20.2528375884955,117.240917220162,0,0,0,0,0,0,0,0,0,0,0,0,0,0,0,846.699292229355,5082.14609956585,132.982472710913,0,0,0,2540.09787668808,2178.06261409964,2178.06261409964,0,0,0,0,16.2007495803903,16.2007495803903,0,0,0
"49",49,459156.763627157,2166.58939976111,346.151076493561,1038.45322948069,2417.80266710796,1150026.12401676,4636.62272859432,2073.82887095807,888.783801839169,5170.87893980768,290369.031273664,118.573777432121,52.9414857450521,22.6892081764511,130.538757133404,0,0,0,0,0,0,0,0,0,0,0,0,0,0,0,949.16174327055,5696.07727824899,148.676464232561,0,0,0,2847.48522981166,2441.17597639241,2441.17597639241,0,0,0,0,18.1616420364545,18.1616420364545,0,0,0
"50",50,458440.933372344,2423.84606340874,387.505239091527,1162.51571727459,2710.95960788122,1148493.3163066,5187.98110908646,2321.74524912464,995.033678196268,5795.96652419828,290329.701400772,132.793439001133,59.3058399155433,25.4167885352331,145.435754551799,0,0,0,0,0,0,0,0,0,0,0,0,0,0,0,1063.80514106183,6383.09180902309,166.253612158833,0,0,0,3191.41542318551,2735.6107752956,2735.6107752956,0,0,0,0,20.3571327994922,20.3571327994922,0,0,0
"51",51,457640.959147256,2710.87032185065,433.706586049538,1301.11975814862,3039.10418669566,1146779.86370711,5803.41723498672,2598.81255090541,1113.77680753088,6495.71484551466,290285.677986618,148.697347363776,66.4293144631772,28.4697061985048,162.122850181696,0,0,0,0,0,0,0,0,0,0,0,0,0,0,0,1192.04263272345,7151.70334052937,185.937266212842,0,0,0,3576.12789817037,3065.01571736972,3065.01571736972,0,0,0,0,22.8148539481197,22.8148539481197,0,0,0
"52",52,456747.316485909,3030.91300821702,485.300448069911,1455.90134420974,3406.32871359454,1144865.18595811,6489.99999466622,2908.33374432406,1246.42874756745,7278.88597489349,290236.411278487,166.479353946115,74.4005127480646,31.8859340348851,180.813316328887,0,0,0,0,0,0,0,0,0,0,0,0,0,0,0,1335.44262646855,8011.36983306009,207.97655729669,0,0,0,4006.32787940565,3433.4442141686,3433.4442141686,0,0,0,0,25.5655804436801,25.5655804436801,0,0,0
"53",53,455749.494499503,3387.53090723924,542.887721310153,1628.66316393046,3817.183708017,1142726.53733232,7255.48229089351,3253.95441593306,1394.55189254274,8155.23050906776,290181.289785283,186.354218401761,83.3179256694538,35.7076824297662,201.745261040445,0,0,0,0,0,0,0,0,0,0,0,0,0,0,0,1495.7436483144,8972.58626374787,232.649197420328,0,0,0,4487.23094494322,3845.39411303479,3845.39411303479,0,0,0,0,28.6435592390739,28.6435592390739,0,0,0
"54",54,454635.916946969,3784.60284908102,607.129045069002,1821.38713520701,4276.72402367435,1140338.82417604,8108.34249802257,3639.69021083437,1559.86723321473,9135.58901630638,290119.634013359,208.559503166524,93.2909156437978,39.9818209901994,225.184384561007,0,0,0,0,0,0,0,0,0,0,0,0,0,0,0,1674.87005098759,10046.9833281595,260.264538431654,0,0,0,5024.61015296278,4305.84999778263,4305.84999778263,0,0,0,0,32.0868655866256,32.0868655866256,0,0,0
"55",55,453393.863128319,4226.34302069593,678.748890732268,2036.2466721968,4790.55828805593,1137674.41899313,9057.82149045989,4069.95429212522,1744.26612519652,10232.0013122438,290050.689738354,233.357545054253,104.440767883356,44.7603290928673,251.4270062423,0,0,0,0,0,0,0,0,0,0,0,0,0,0,0,1874.94846274625,11247.4316614887,291.166901614121,0,0,0,5624.84538823875,4820.3278549237,4820.3278549237,0,0,0,0,35.9377868468171,35.9377868468171,0,0,0
"56",56,452009.390582619,4717.31019455755,758.539422631101,2275.6182678933,5364.90153229871,1134702.97470219,10113.9527392588,4549.5840964443,1949.82175561899,11457.8234730139,289973.620825184,261.037478702679,116.901804995396,50.100773569456,280.803379319521,0,0,0,0,0,0,0,0,0,0,0,0,0,0,0,2098.32480570578,12588.150790985,325.739187278908,0,0,0,6294.97441711734,5394.92176756497,5394.92176756497,0,0,0,0,40.2432334727032,40.2432334727032,0,0,0
"57",57,450467.26217481,5262.41126264015,847.363950670795,2542.09185201238,6006.63075986688,1131391.2438957,11287.5823365872,5083.86643507947,2178.79990074835,12827.8522558744,289887.501624482,291.917276561314,130.822557807076,56.0668104887474,313.681309514324,0,0,0,0,0,0,0,0,0,0,0,0,0,0,0,2347.58164063751,14084.8216373997,364.406769269472,0,0,0,7042.74492191254,6036.35213031414,6036.35213031414,0,0,0,0,45.0551760116009,45.0551760116009,0,0,0
"58",58,448750.880870466,5866.89710609568,946.15974598789,2838.47923796366,6723.34303948674,1127702.90937093,12590.3750676172,5678.55971652482,2433.66844993921,14358.4562891044,289791.30899451,326.345757620531,146.366981335143,62.7287062864903,350.470091030425,0,0,0,0,0,0,0,0,0,0,0,0,0,0,0,2625.55550585957,15754.7008930156,407.641673508583,0,0,0,7876.66651757871,6752.01466843527,6752.01466843527,0,0,0,0,50.431105882454,50.431105882454,0,0,0
"59",59,446842.23633121,6536.34843066877,1055.93993388767,3167.819801663,7523.41550257084,1123598.43390428,14034.8018060533,6339.91174170425,2717.10503215898,16067.7129994966,289683.91402386,364.704501861851,163.715699796058,70.1638713411681,391.624769921061,0,0,0,0,0,0,0,0,0,0,0,0,0,0,0,2935.35380953038,17616.7350027656,455.967031994708,0,0,0,8806.06142859113,7550.02928689956,7550.02928689956,0,0,0,0,56.4345163053069,56.4345163053069,0,0,0
"60",60,444721.868347674,7276.64882519149,1177.79411390015,3533.38234170044,8416.06637153344,1119034.93910519,15634.1026729963,7074.67114963136,3032.0019212706,17975.5497528852,289564.07356272,407.409589280211,183.06725831939,78.4573964225961,437.650739729342,0,0,0,0,0,0,0,0,0,0,0,0,0,0,0,3280.37070678351,19691.6707552708,509.961793599542,0,0,0,9841.11212035052,8439.28746654463,8439.28746654463,0,0,0,0,63.135398028197,63.135398028197,0,0,0
